id;name;firstname;age;height;continent;country;email;freelance;lastvisit;website
1;Hoffman;Taty√§na;88;1.32;af;ca;Nam@quisdiamluctus.org;1;17/04/2012;www.qktogkjbsvz.rdh
2;Atkins;Ishmael;44;1.42;am;uk;arcu.et.pede@musProin.ca;1;12/01/2011;www.xzuquuhxbid.ltk
3;Hamilton;Mohammad;73;1.22;eu;fr;dui@duiCras.edu;0;25/09/2012;www.xkeyshkmstu.mzb
4;Murray;Troy;18;1.92;af;fr;mollis@eutellus.co.uk;0;22/07/2012;www.tjumdozdqqo.rot
5;Schwartz;Carla;79;1.50;am;ca;ante@adipiscing.org;0;31/03/2012;www.ljncabtovpc.rdd
6;Bond;Lenore;33;1.55;af;us;semper.tellus.id@sem.co.uk;0;04/02/2011;www.hpscfutiyvc.ejq
7;Noble;Georgia;88;1.90;eu;za;mi.lacinia@nisiaodio.co.uk;0;17/01/2011;www.wrmunpywfqm.eqn
8;Frederick;Bradley;80;1.87;eu;us;dapibus.id.blandit@aptenttacitisociosqu.com;0;27/07/2011;www.vgjbwvfminn.eji
9;Chambers;Aphrodite;63;1.30;af;fr;mattis@venenatisvel.co.uk;1;10/09/2011;www.lbauoozywdk.nnm
10;Schultz;Allegra;90;1.70;eu;ca;Fusce.feugiat.Lorem@Duis.net;1;03/04/2012;www.itpfwatjnov.nix
11;Garrett;Lillith;20;1.91;am;us;neque@mattisIntegereu.edu;1;02/01/2011;www.vvdijyvrvel.xcp
12;Mcdaniel;Venus;89;1.53;af;zw;ipsum.primis@interdumligula.edu;1;13/09/2012;www.owokbaidqxc.pkl
13;Acevedo;Iola;26;1.94;eu;ng;eros@fringillaornare.net;1;06/01/2011;www.rauhxxxijxz.nvk
14;Kline;Ora;47;1.27;eu;uk;mauris.ipsum@dictum.edu;0;22/05/2012;www.cajlyiyttlp.erj
15;George;Brian;76;1.72;eu;fr;nisi.Mauris.nulla@rutrumlorem.net;0;11/03/2012;www.stalfpqxzyy.ure
16;Powers;Remedios;76;1.42;am;za;rutrum@magnisdisparturient.edu;0;25/09/2012;www.yqxxpwrhbkd.wwj
17;Huff;Wade;75;1.92;am;uk;sagittis@Fuscefermentum.edu;0;19/05/2011;www.csnddrzzblk.vlq
18;Greene;Willow;22;1.93;am;uk;dolor@sit.ca;0;04/05/2011;www.lqdmcnioern.gqx
19;Smith;Ayanna;34;1.75;am;fr;luctus@ornare.ca;0;17/08/2012;www.xzsbrgihdeu.jxi
20;Alston;Megan;26;1.60;af;us;amet.luctus@eu.co.uk;1;28/04/2012;www.ohzsltbiccd.gtg
21;Jordan;Prescott;25;1.86;af;ng;quis.massa.Mauris@metusIn.edu;0;24/08/2011;www.pfkrhnxatjj.xgz
22;Guerrero;Karen;18;1.21;af;us;bibendum.ullamcorper@Nuncsollicitudin.com;1;05/10/2011;www.metfoccucmn.dtr
23;Garrison;Desirae;34;1.62;af;ng;at.pretium@malesuadaaugueut.co.uk;1;22/05/2011;www.nyjplwtfoct.vta
24;Wiggins;Hayfa;40;1.65;am;fr;est.Nunc@velitegestas.edu;1;21/06/2012;www.quaewuzqvyh.dpu
25;Barrera;Yasir;79;1.84;eu;us;pellentesque.eget.dictum@consequatauctor.org;0;11/11/2011;www.okcjjjnzeok.alv
26;Parsons;Raya;78;1.22;eu;ca;risus.In.mi@lectusantedictum.ca;0;03/09/2012;www.hcemqpnckfz.fle
27;Livingston;Charity;25;1.72;am;fr;lectus.pede.ultrices@non.net;1;30/10/2011;www.nhwxnvdyarm.dkt
28;Bauer;Baxter;16;1.33;eu;fr;tellus.eu.augue@Proinnonmassa.org;0;09/08/2011;www.lnglfspqmqr.myz
29;Conner;Otto;73;1.47;af;fr;Sed.malesuada.augue@duinecurna.co.uk;1;10/07/2012;www.ylnkbexadci.xna
30;Lee;Tara;47;1.12;eu;ca;Aliquam.vulputate.ullamcorper@auctor.ca;0;02/11/2011;www.llepommcnab.ydi
31;Durham;Hannah;44;1.20;af;uk;dapibus.quam.quis@dolorFusce.ca;0;22/04/2011;www.mddzeeyimfy.wla
32;Kemp;Hanae;83;1.09;af;us;in.magna.Phasellus@nequeNullamut.org;1;05/10/2011;www.gjgsofpzfcp.ccp
33;Mathews;Alana;18;1.73;am;us;orci.consectetuer.euismod@rutrumFuscedolor.org;0;26/02/2012;www.gailcynfncr.pvb
34;Bradshaw;Basia;48;1.51;am;za;viverra.Maecenas.iaculis@liberomauris.net;1;05/02/2012;www.ziwnlocgpft.btw
35;Larsen;Isabelle;90;1.80;am;us;scelerisque.scelerisque.dui@semmollis.com;1;04/08/2012;www.ijgyozzivnz.via
36;Hatfield;Kennan;30;1.32;eu;us;dictum.cursus@fringilla.edu;1;27/05/2012;www.qcbmpbhycre.hbm
37;Clemons;Cruz;28;1.39;eu;be;conubia@molestieorci.net;0;11/02/2011;www.iadksirtuwv.zet
38;Beasley;Dara;31;1.57;am;uk;eu.placerat@in.com;1;23/09/2011;www.xwpstlryftm.lig
39;Vang;Rana;46;1.80;eu;ca;consectetuer.rhoncus.Nullam@justo.edu;0;06/06/2011;www.ttazmmkvtir.ees
40;Duncan;Jamal;28;1.67;eu;fr;ac.eleifend.vitae@fringillamilacinia.org;0;31/10/2011;www.hthbbyfgrml.wce
41;Newton;Callie;24;1.23;am;uk;sem@necluctus.com;1;02/11/2011;www.llycykzaoqn.sxw
42;Delgado;Cassady;46;1.57;af;be;vitae.dolor@hendrerit.com;0;27/01/2011;www.zffovshtpng.aaa
43;Craig;Eugenia;40;1.10;af;fr;euismod.est.arcu@Aeneanmassa.com;0;18/08/2011;www.wodmbkmbkrr.tws
44;Fuentes;Hasad;40;1.82;am;be;lobortis.mauris.Suspendisse@fringilla.co.uk;0;26/03/2011;www.flhpczjzrrd.amj
45;Sargent;Vincent;68;1.30;am;us;eu.turpis@arcu.edu;0;05/12/2011;www.rjkjaojnxex.qoz
46;Baird;Tyrone;41;1.78;af;ng;malesuada.fringilla@et.net;0;11/11/2012;www.lcpjhmzvlaf.vtc
47;Cochran;Odette;85;1.71;am;us;mauris.sagittis@Inmi.co.uk;1;14/07/2011;www.swuexzzqcem.axp
48;Nixon;Gwendolyn;45;1.30;am;fr;sed@aliquetodioEtiam.edu;1;28/03/2012;www.ucmwgyxeoou.yyv
49;Sexton;Blossom;66;1.21;eu;us;Nunc@sociisnatoquepenatibus.ca;0;18/08/2011;www.qlfeaacyvyl.nfp
50;Mckinney;Charde;83;1.71;af;za;diam@quistristique.com;1;08/05/2011;www.jknfjztooic.lcf
51;Prince;Yetta;80;1.38;eu;fr;Phasellus.in@morbitristique.org;1;30/10/2012;www.bdmpmpbpuuo.qej
52;Sheppard;Steven;68;1.10;af;uk;nulla.In@libero.com;1;05/08/2011;www.qjfkeubidxs.wbv
53;Wiggins;Hanna;71;1.00;am;fr;vel.pede@pretiumetrutrum.edu;1;23/05/2012;www.jfhndzjeuiu.ojv
54;Hancock;Barry;47;1.83;af;za;mollis.Phasellus@tellus.ca;0;19/07/2012;www.tyloggcqcmr.njb
55;Leblanc;Lars;52;1.22;eu;us;Phasellus.nulla@Quisqueimperdiet.org;1;25/12/2011;www.bondaerkgeq.smy
56;Baker;Portia;88;1.89;eu;uk;facilisi@eu.org;0;05/05/2012;www.aargfizrgan.fym
57;Calderon;Harding;57;1.15;af;fr;Fusce@congue.com;0;14/02/2012;www.afchgpmecqj.qtx
58;Aguirre;Jonas;72;1.78;af;ng;a.ultricies@dolor.edu;0;13/10/2011;www.grpihyzbwzh.qud
59;Turner;Ivana;79;1.94;eu;us;massa.Quisque.porttitor@Sedauctor.ca;1;30/04/2012;www.kqagqhwklub.huo
60;Armstrong;Regina;75;1.88;eu;us;consequat@sapienimperdietornare.org;1;18/12/2010;www.oiyzcagwoht.jep
61;Guzman;Ariana;33;1.88;eu;us;condimentum@intempuseu.com;1;01/10/2011;www.fovtvocaemm.kih
62;Fox;Alisa;75;1.53;af;fr;lacus.Quisque.purus@dapibusidblandit.net;1;16/08/2011;www.cxugkgqsoyd.jmn
63;Wells;Ayanna;86;1.22;am;fr;Nunc.sollicitudin@loremsemper.com;1;09/01/2011;www.lvlaupjhdit.bpa
64;Wagner;Ayanna;40;1.51;af;ng;sed.consequat@Aliquamtinciduntnunc.net;1;05/03/2011;www.nduqlosboqn.xfs
65;Vazquez;Denton;56;1.68;am;ng;sed.dolor.Fusce@Curabituregestas.edu;0;02/06/2012;www.cwdrmrosjmv.xcs
66;Rodriguez;Margaret;37;1.37;eu;fr;tincidunt.neque.vitae@nullaIntegervulputate.edu;0;08/06/2011;www.oqbxcxueppy.xyt
67;Oneal;Simon;36;1.67;af;fr;interdum.Curabitur.dictum@dolorQuisquetincidunt.edu;1;25/03/2011;www.yxcnmblludu.bvo
68;Hayes;Kelly;30;1.49;eu;nl;erat@consequatpurusMaecenas.co.uk;0;18/07/2012;www.fixzlsbggln.mwm
69;Gutierrez;Branden;63;1.88;eu;ng;suscipit.est@dignissim.ca;1;18/12/2011;www.bqaicnuzaea.qax
70;Mendoza;Lawrence;75;1.79;am;uk;Praesent@quam.co.uk;0;27/01/2011;www.othpyhgyfwf.ape
71;Salinas;Emerald;31;1.59;af;nl;suscipit.nonummy.Fusce@Sedidrisus.net;1;21/02/2012;www.obrtxxumcpc.iea
72;Lloyd;Aidan;87;1.04;am;us;ipsum@ipsumprimis.ca;0;04/04/2012;www.qltsavbfwpf.vqq
73;Duran;Neil;24;1.36;af;us;odio@risusQuisquelibero.edu;1;28/07/2012;www.tcaprflivsq.zbg
74;Mcintosh;Candice;44;1.53;am;fr;nibh.sit.amet@ipsumSuspendissenon.edu;0;19/01/2011;www.dnszgjzhpov.zcd
75;Spencer;Galena;23;1.58;af;be;libero@in.ca;1;16/10/2011;www.dpvtdqtgupw.xfr
76;Goodman;Ima;17;1.98;eu;fr;Nam@atrisusNunc.org;1;29/12/2011;www.offivbfasor.tnn
77;Rios;Adam;17;1.49;eu;fr;lectus.quis@elit.net;0;17/04/2011;www.uzbnothcgbc.hnb
78;Mccormick;Mallory;61;1.46;af;ng;diam.Pellentesque@lectusconvallis.ca;1;17/11/2012;www.fwcmyetlgig.wuv
79;Delgado;Geoffrey;89;1.24;af;za;turpis.nec.mauris@scelerisquemollis.edu;0;28/06/2011;www.ftwlcdixyob.ytm
80;Bentley;Aretha;59;1.54;eu;us;Nullam@justo.net;0;03/09/2012;www.bdcareylqax.goj
81;Guerra;Zephr;78;1.47;am;ng;justo.sit.amet@accumsannequeet.ca;1;23/02/2012;www.coctpzzdiid.evy
82;Cameron;Shad;17;1.70;af;us;in.cursus@dignissimpharetraNam.ca;0;10/06/2011;www.solbxofsmjc.nbd
83;Atkinson;Wang;34;1.03;af;us;nec.urna.suscipit@ligulaAeneangravida.com;1;07/08/2012;www.xmkkwmyyqyi.xaq
84;Bryant;Zorita;49;1.27;af;uk;pellentesque@dolorelit.ca;0;06/05/2011;www.xljojrlkiok.uve
85;Clemons;Sonya;53;1.15;eu;be;eget.ipsum@mauriserat.com;1;10/04/2012;www.ltduiopestc.fyq
86;Evans;Alan;87;1.63;af;ca;feugiat.non@ettristiquepellentesque.net;0;25/10/2012;www.iihabjgaana.yei
87;French;Marshall;16;1.62;af;fr;lobortis.quam.a@orciDonecnibh.org;1;29/12/2011;www.mqzmdaliitq.jkw
88;Witt;Mercedes;74;1.57;am;ca;mollis@vestibulum.com;0;09/06/2011;www.asrjlisverq.ygj
89;Newton;Barrett;85;1.08;eu;uk;Cras@telluslorem.ca;1;22/09/2012;www.diqiahhgqyh.oad
90;Morrow;Palmer;27;1.89;am;za;dignissim@nuncsit.edu;0;26/10/2012;www.dhqugxigbzp.fun
91;Wong;Marcia;83;1.59;eu;us;leo@acmattisvelit.org;0;08/05/2012;www.vsgxsvdmjch.hqh
92;Crawford;Sade;71;1.56;eu;be;quis.diam@mus.edu;0;26/09/2011;www.mhnwjudabjy.uxp
93;Berg;Calvin;72;1.26;am;nl;ornare.lectus.justo@egetvolutpatornare.com;0;09/09/2011;www.cigereypuar.ngi
94;Tran;Abraham;32;1.61;am;ca;vel@vestibulumneque.co.uk;0;03/02/2012;www.pvrkvixcrvc.xmg
95;Mcknight;Nero;77;1.09;eu;nl;eu.eros@nonarcu.ca;0;07/08/2011;www.lkjcgmattpb.osz
96;Klein;Colin;78;1.41;eu;ng;Aliquam@vitae.com;0;10/01/2011;www.yearubgnbtp.wes
97;Navarro;Illana;56;1.76;eu;uk;Duis.mi.enim@ametconsectetuer.co.uk;0;21/10/2012;www.wguxzjudclu.qgl
98;Mccoy;Fallon;32;1.35;af;za;In.ornare.sagittis@eu.org;0;30/07/2012;www.vejxqdnxpcm.vnb
99;Hughes;Minerva;72;1.54;eu;uk;nonummy.ipsum.non@in.edu;1;28/07/2012;www.jnqzqcudegy.yul
100;Munoz;Harrison;84;1.72;am;fr;eu.ultrices@nisiAenean.org;0;09/08/2011;www.fhhjngiiszn.pts
101;Wilcox;Sean;48;1.92;af;fr;mauris.sagittis.placerat@dictum.co.uk;1;20/01/2012;www.jfdbfqrzjqi.uqp
102;Stevens;Chloe;74;1.65;am;uk;dolor@ultriciesdignissimlacus.edu;0;01/10/2012;www.zrcjilezaan.vsc
103;Robinson;Gwendolyn;29;1.48;af;us;arcu.Nunc@augue.ca;0;09/05/2012;www.aukavyvoaqe.fbb
104;Leon;Tana;69;1.24;eu;ca;justo.faucibus.lectus@et.org;0;27/12/2010;www.ehpextkyuyx.meh
105;Mccarthy;Stephen;24;1.98;am;us;interdum@variusultrices.edu;0;22/12/2011;www.oofjmcvrklb.nkx
106;Taylor;Jarrod;53;1.64;af;fr;auctor.quis.tristique@miac.net;0;26/09/2012;www.aorkzsykqvp.dmb
107;Morris;Harriet;24;1.35;eu;us;eleifend@euismodestarcu.co.uk;1;07/04/2012;www.luebqtecvvs.yfh
108;Crosby;Chloe;70;1.96;eu;ng;nascetur.ridiculus.mus@Vivamusnonlorem.org;1;29/11/2011;www.xoqskjqpqwd.jvv
109;Lynch;Lev;15;1.71;am;us;amet@eu.com;0;04/05/2011;www.bzcsvfcraqy.ajb
110;Howard;Lars;50;1.00;af;fr;eros.nec@massa.edu;0;21/10/2012;www.qctrsrsbsei.ffk
111;Davis;Raya;62;1.72;af;za;mus.Aenean.eget@nonmagnaNam.com;1;15/07/2011;www.gaszfbeklkh.cdn
112;Jennings;Abigail;70;1.79;eu;fr;lacinia@Duis.ca;1;06/10/2012;www.buynefqitct.mus
113;Paul;Christopher;57;1.63;af;fr;Cras.lorem@ridiculusmusProin.net;0;20/06/2011;www.oklhmethxmj.let
114;Palmer;Jennifer;21;1.55;am;uk;facilisis@Suspendissesagittis.edu;1;06/10/2012;www.yydvknhphzg.jow
115;Bates;Nathan;90;1.62;af;be;sociis.natoque@tristiquenequevenenatis.org;0;28/09/2012;www.eqxlqevebwm.ams
116;Franks;Dieter;24;1.80;am;ca;risus@estmollisnon.co.uk;0;09/05/2011;www.htoiqbjctrg.xmi
117;Gray;Declan;33;1.53;eu;nl;Nullam@elitfermentumrisus.co.uk;0;08/01/2012;www.whnpztnlbwo.hkx
118;Hutchinson;Fatima;90;1.41;af;ng;Ut.nec@temporloremeget.ca;1;29/07/2011;www.qdfrzuzjrlz.rxd
119;Sosa;Felicia;39;1.95;af;us;enim@odio.edu;0;17/01/2012;www.gcpxnoplrlb.akq
120;Macias;Karyn;75;1.01;af;ca;lacus@mauriserat.net;0;22/12/2011;www.ikmzwnzhdoz.yqd
121;Hobbs;Jada;75;1.35;am;za;orci.Ut.semper@ipsumleo.net;0;03/10/2011;www.rsmvgmtxqfo.kob
122;Walter;Forrest;79;1.44;eu;ng;ac@molestiearcu.edu;1;13/10/2012;www.aurqzgbohzs.ekc
123;Collins;Angela;63;1.89;eu;us;nisi@euismodacfermentum.edu;1;08/11/2012;www.ffhmfaqpcvb.tsz
124;Steele;Yeo;19;1.87;am;be;vulputate@nunc.org;0;07/10/2011;www.obzrxbkqahp.ccj
125;Booth;Risa;23;1.51;eu;fr;arcu.vel@Suspendissealiquet.org;0;29/11/2012;www.nuxocmrewtb.zhg
126;Shepherd;Gretchen;33;1.26;af;ca;Proin.ultrices@eleifendnuncrisus.org;1;21/01/2011;www.yccuveudkqt.rvk
127;Stevens;Heidi;88;1.26;eu;uk;risus@sapienmolestieorci.net;1;28/01/2011;www.lptwfnnbxkr.wqh
128;Pugh;Kathleen;60;1.81;am;uk;fringilla.Donec@eu.co.uk;0;27/09/2012;www.wnkuybrojkh.zhk
129;Warren;Noelani;77;1.14;am;uk;at@etrutrumnon.org;1;19/02/2011;www.rbjamqztbyp.wcb
130;Schmidt;Hollee;34;1.78;eu;be;molestie@luctus.com;1;28/04/2011;www.ffhgewdgyyx.fqt
131;Chase;Melanie;87;1.97;am;nl;feugiat.Sed.nec@Mauris.edu;0;16/12/2010;www.adpzcmetgjo.fih
132;Nolan;Kamal;58;1.57;am;uk;luctus.ut.pellentesque@Proin.com;0;11/04/2012;www.xkwetkjbrai.goa
133;Bryant;Colby;48;1.32;eu;za;diam@ullamcorperDuis.ca;0;02/11/2012;www.kwicxqjmrmo.cuu
134;Summers;Erich;80;1.17;eu;ca;sit.amet@laciniaorci.ca;0;30/01/2012;www.ixvzjkcdezh.bdb
135;Sullivan;Rogan;62;1.70;af;za;malesuada.fames@pharetraQuisqueac.co.uk;0;08/05/2012;www.tyfxynybovk.epl
136;Johns;Reuben;57;1.91;af;ca;ipsum.Suspendisse.non@leoelementumsem.co.uk;1;06/12/2011;www.rvwgrhkgtxp.hvt
137;Lewis;Charity;24;1.97;af;fr;et.commodo@metusVivamus.edu;0;06/04/2011;www.qomjlcrgwfu.zco
138;Duncan;Quail;48;1.38;eu;uk;laoreet.lectus@senectus.net;1;23/05/2011;www.ylzuqtutiap.ulk
139;Banks;Sandra;27;1.95;eu;us;ut.dolor.dapibus@famesacturpis.net;1;17/11/2012;www.qmgynwtyhtw.ltl
140;Buckner;Giacomo;62;1.83;af;us;rutrum.magna.Cras@at.co.uk;1;04/06/2011;www.asphmltfwwk.mtu
141;Abbott;Leslie;78;1.67;eu;be;eget.venenatis.a@arcuVestibulum.edu;1;21/04/2011;www.zvbwrlilfie.bax
142;Harmon;Kenyon;56;1.08;am;ng;lacinia.orci@a.ca;1;28/06/2011;www.wxgcglegjon.xqk
143;Padilla;Nasim;88;1.87;af;us;ornare@nonbibendumsed.org;0;19/08/2011;www.wqjfexcvivd.hrw
144;Huff;Inga;76;1.13;eu;us;a.ultricies.adipiscing@Proin.edu;0;07/10/2012;www.afhiakprgbi.bgs
145;Bridges;Camilla;51;1.53;eu;nl;neque.pellentesque.massa@nec.edu;0;08/09/2012;www.nqausjvybxl.nlt
146;Randolph;Demetria;32;1.57;af;nl;diam.Duis@dignissim.edu;1;17/09/2012;www.yxuzvgnhagv.gwo
147;Mckay;Zephr;38;1.38;eu;ca;lectus.quis.massa@ac.org;1;03/10/2012;www.zxfzebfapva.xew
148;Brooks;Hamish;29;1.49;eu;nl;cubilia@vitaesodalesnisi.net;1;27/11/2011;www.nxxcsyaxudc.aqb
149;Blevins;Burton;25;1.20;af;ca;mi.Duis.risus@musAenean.edu;0;17/02/2012;www.pcakgckwemy.hsy
150;Orr;Ulla;37;1.49;af;nl;Morbi.vehicula@lacus.net;0;19/11/2012;www.tcdypcghayg.iif
151;Reyes;Lysandra;84;1.06;eu;ng;auctor.velit.Aliquam@dictummiac.ca;0;28/04/2011;www.awrauxidccx.ado
152;Browning;Ivor;19;1.79;af;nl;turpis.In.condimentum@vulputate.net;1;05/06/2011;www.lbandxohlrn.nkm
153;Baldwin;Vincent;48;1.03;af;fr;Curabitur@Fusce.co.uk;0;15/08/2012;www.dnnpfacpmda.yej
154;Battle;Aladdin;39;1.65;af;ng;quis@libero.edu;0;05/11/2012;www.qdwdhxblgcm.ota
155;Brock;Rinah;79;1.90;eu;us;mauris.ut@volutpatNulladignissim.edu;0;08/12/2011;www.gdqngcbadex.zdx
156;Morton;Hakeem;53;1.25;am;ng;Quisque@milacinia.ca;1;02/04/2011;www.xpsatqaxoqc.bwp
157;Parks;Mariko;82;1.50;am;fr;adipiscing.elit.Etiam@massaMaurisvestibulum.net;1;01/01/2012;www.bvmpmorjejd.bye
158;Albert;Rhea;44;1.95;eu;ng;Aenean.eget.metus@sed.net;1;24/09/2011;www.zjdeshfqlgn.vec
159;Potts;Gil;43;1.60;eu;fr;vestibulum.Mauris@necluctus.net;0;10/04/2011;www.uytffgajjun.tkp
160;Morgan;Illana;40;1.89;af;us;tellus.id.nunc@etmagnaPraesent.co.uk;0;21/05/2012;www.wakfuyzfopw.xmu
161;Hyde;Celeste;19;1.61;af;us;sem@euenimEtiam.ca;1;12/11/2011;www.opvcfrzrllf.maj
162;Summers;Donovan;67;1.02;am;za;Nullam@aliquet.org;0;09/10/2011;www.vkbgvgtwpqa.hqf
163;David;Haley;34;1.21;eu;fr;egestas@duinec.org;0;31/07/2011;www.mdectejkjpa.qwe
164;Raymond;Quamar;35;1.56;am;za;eu.tellus.Phasellus@enimMauris.net;0;09/10/2011;www.ictssuiozcx.grn
165;Clarke;Talon;70;1.93;af;fr;interdum.Curabitur.dictum@scelerisquedui.co.uk;0;13/01/2011;www.nfrnhptycxi.vwt
166;Sears;Karyn;34;1.57;eu;ca;sagittis@maurisInteger.ca;1;06/10/2012;www.ojrqhamdthw.zvo
167;Ellis;Clinton;85;1.12;af;fr;blandit.mattis.Cras@ametrisusDonec.com;0;11/11/2012;www.nqegyagupnw.nrc
168;Christensen;Jane;62;1.92;af;fr;lobortis@Vivamusnisi.ca;0;27/04/2012;www.kwdakanbdss.tra
169;Branch;Isadora;18;1.56;am;us;eget.nisi.dictum@duiFusce.ca;1;18/02/2011;www.zcbcuuvluyd.vnu
170;Farley;Aimee;19;1.82;af;us;ad.litora.torquent@tincidunt.org;1;14/03/2011;www.meghdjcqekb.ggh
171;George;Shoshana;62;1.87;eu;us;ac.arcu.Nunc@Sed.ca;0;22/12/2010;www.mrbrbdxikgg.acz
172;Price;Nissim;21;1.18;eu;ca;non.hendrerit@facilisisnon.com;1;01/02/2012;www.oexykdzndsv.fwq
173;Gamble;Brian;29;1.40;eu;us;enim@fringillaDonec.edu;1;08/11/2011;www.hclkvhqsxyt.clu
174;Walters;Roanna;23;1.74;af;us;montes.nascetur@vulputatenisisem.co.uk;1;03/06/2011;www.eonbngdybcv.ewh
175;Hester;Natalie;80;1.34;eu;us;eget.mollis.lectus@Nullamvelitdui.co.uk;0;12/09/2012;www.pcdrfzvbggw.coh
176;Watts;Zephr;49;1.36;af;us;libero.at.auctor@nonarcuVivamus.co.uk;1;26/06/2012;www.bubiaylofjo.rrg
177;Cline;Meredith;25;1.66;eu;us;Lorem.ipsum.dolor@acturpisegestas.com;1;17/02/2011;www.utiadxsvdxq.gph
178;Hodges;Hanna;62;1.33;af;nl;libero.Morbi.accumsan@ante.co.uk;0;30/09/2011;www.bqdfntmcaxs.qfc
179;Fleming;Ross;50;1.74;am;fr;vestibulum.massa@molestietellus.com;0;06/08/2012;www.grehpxxuzfe.lyp
180;English;Veda;22;1.10;af;fr;enim.consequat@sagittisNullamvitae.org;0;15/09/2011;www.qjgqokbnzim.cno
181;Bruce;Bryar;61;1.14;am;ca;massa.Integer.vitae@Namconsequat.net;0;13/03/2012;www.nvqnecpsrsf.hxq
182;Summers;Chastity;17;1.00;am;fr;nisl.Quisque@NullafacilisiSed.edu;0;11/12/2010;www.iqwzjbhgseu.tew
183;George;Sophia;68;1.31;eu;be;nec.tellus.Nunc@ridiculusmus.com;1;26/12/2010;www.soblsvexsnv.kwz
184;Branch;Clayton;55;1.23;eu;ca;lacus@at.org;1;25/05/2011;www.aqvseqdaqgc.enl
185;Griffith;Dai;54;1.25;am;zw;lacus.Quisque@sed.net;0;24/04/2012;www.bxlrdovrzff.nlu
186;Vang;Marshall;67;1.64;eu;zw;vel.mauris.Integer@lorem.ca;0;08/09/2012;www.xmzxsfkdzik.rzw
187;Steele;Ann;51;1.79;eu;zw;nulla@Nulla.org;1;26/12/2010;www.ktbkbmcbiyn.usm
188;Leonard;Veda;89;1.71;am;fr;fringilla@mauris.co.uk;0;12/09/2012;www.radzyqurdiq.cct
189;Simon;Bernard;88;1.55;eu;us;nonummy.Fusce.fermentum@lacusUtnec.com;1;05/11/2011;www.rapuifxlytm.yga
190;Stewart;Iris;51;1.01;eu;uk;Cras@necmetus.com;1;17/04/2012;www.zfeyyqwfrtw.dub
191;Gray;Herrod;38;1.31;af;za;orci.lacus.vestibulum@ullamcorper.ca;0;17/02/2012;www.pmjggfkbhtg.pck
192;Butler;Philip;67;1.84;am;ca;luctus.aliquet@turpis.edu;0;22/10/2012;www.ykogevvgfyp.xva
193;Dunlap;Geraldine;24;1.60;af;za;quis.massa.Mauris@egestas.ca;0;08/09/2011;www.bmsglidgjkw.mcy
194;Morse;Abbot;25;1.00;af;fr;luctus.ut@nuncsedpede.ca;0;22/02/2012;www.qqoablmdjdd.neg
195;Mclean;Yvette;28;1.82;af;uk;nulla.In@metusIn.net;1;16/10/2011;www.ngqxjuloaao.fxv
196;Deleon;Lee;77;1.37;eu;ca;cursus.vestibulum.Mauris@Duiselementumdui.org;0;03/06/2012;www.gxvhyjnvftp.adj
197;David;Kirk;49;1.64;af;ng;leo@vestibulumnec.org;0;11/05/2011;www.jyiosypvivc.tmo
198;Bonner;Buckminster;84;1.76;eu;uk;Proin.vel@porttitorvulputate.co.uk;0;26/08/2011;www.wndeifyutaw.rto
199;Merritt;Regan;48;1.49;eu;za;ornare.sagittis@vel.net;0;22/07/2012;www.yqhsqekksag.eme
200;Carroll;Shaine;34;1.23;am;us;Donec.nibh@arcu.com;1;20/01/2012;www.wpjpppubuxz.bei
201;Allison;Castor;44;1.26;eu;ng;pede.ac@velit.ca;1;19/06/2012;www.pkskirlmzlo.kse
202;Lawrence;Ramona;78;1.55;eu;ng;nisi.Aenean.eget@lacus.org;1;11/08/2012;www.ixbiipsbugy.qvn
203;Russo;Nerea;41;1.69;af;ca;cursus.et.eros@Aliquam.com;0;27/04/2012;www.mxnhelxzzsu.iju
204;Warner;Briar;89;1.81;af;fr;amet.faucibus@fames.net;0;05/02/2011;www.nqkmievrzte.zqh
205;William;Russell;25;1.26;eu;ng;eleifend.nunc.risus@cursus.co.uk;0;18/10/2012;www.isbimghcogm.rnc
206;Sherman;Paloma;79;1.11;am;fr;Etiam.gravida.molestie@euismodacfermentum.co.uk;0;17/08/2012;www.fdotkakxdgt.zkx
207;Vega;Solomon;77;1.22;eu;be;quis@ametmetusAliquam.org;0;24/02/2012;www.xwhadaanyyx.tde
208;Wheeler;Uriel;75;1.68;af;be;in.hendrerit.consectetuer@sitametdiam.ca;1;05/05/2011;www.hqkfpiztnyd.hoz
209;Whitfield;Leslie;76;1.44;af;fr;enim.gravida@Etiamlaoreetlibero.net;0;16/01/2012;www.csdqqgyfgxy.bjk
210;Kidd;Helen;35;1.55;af;ca;vulputate.dui@anteNuncmauris.org;0;08/06/2011;www.viocfndoxqf.eeu
211;Cline;Kyra;84;1.65;af;us;gravida.Praesent.eu@eutellus.com;1;22/01/2011;www.ykjwbobgjfz.hwn
212;Jennings;Travis;39;1.75;eu;us;pede@tempusscelerisque.co.uk;1;30/07/2012;www.byykdyralel.uxz
213;Ware;Thor;46;1.61;eu;za;Fusce.aliquet.magna@Phasellus.org;0;07/06/2012;www.oekaivugutq.fkv
214;Gray;Jessamine;88;1.80;eu;be;augue@in.com;0;03/06/2012;www.ozrjsipcdyu.ctv
215;Hodge;Darius;37;1.75;af;ng;in.lobortis@gravidaPraesenteu.co.uk;0;17/06/2012;www.momqmhsgddj.kxw
216;Huber;Glenna;78;1.49;am;zw;pede@vitaeeratvel.ca;0;10/05/2012;www.agrdkaohwax.slw
217;Hopper;Ivor;39;1.20;af;zw;quis@Crasvulputate.ca;1;10/11/2012;www.vbesbbknxvs.gbt
218;Ratliff;Brynn;28;1.13;af;us;Curabitur.egestas.nunc@felis.com;0;02/01/2012;www.zqpxmienbxa.gak
219;Dominguez;Macey;53;1.98;am;ca;a.purus@sed.org;1;27/12/2010;www.hnailbomlvg.yvc
220;Shelton;Kaye;46;1.53;eu;fr;lobortis.tellus@dapibusidblandit.co.uk;0;05/12/2011;www.onwaiczdfuw.qkf
221;Freeman;Chanda;68;1.31;am;za;vitae.purus.gravida@diam.com;0;12/05/2012;www.wdobykripzw.ihz
222;Warner;Vera;25;1.59;am;fr;nunc.nulla@diamdictumsapien.net;1;04/08/2012;www.omyelvmtuks.yyr
223;Nelson;Desiree;33;1.87;af;uk;a.nunc.In@ipsumCurabiturconsequat.co.uk;0;02/10/2012;www.sldnwwmvndk.tae
224;Burch;Bruce;38;1.69;am;za;mi.tempor@nascetur.org;0;23/12/2010;www.mwzaajtanwc.voc
225;Sanford;Quentin;71;1.14;eu;us;at.iaculis@nullaanteiaculis.ca;1;30/05/2012;www.xkulhwhvyce.sfo
226;Mcknight;Hadley;79;1.51;eu;zw;augue.ut.lacus@Suspendisseacmetus.co.uk;0;18/09/2012;www.qdbpfghlvxb.rmg
227;Moody;Donna;81;1.08;am;ca;Quisque.ornare@Phasellusdolorelit.org;0;25/01/2011;www.rummrndetts.qun
228;Acevedo;Lilah;31;1.52;af;us;nec.euismod@cursusnon.org;0;03/01/2012;www.qplkieadsax.ypc
229;Good;Liberty;30;1.81;am;fr;feugiat@dolor.org;0;23/12/2010;www.zkqrknqaqzu.vwz
230;Santos;Jaquelyn;55;1.48;am;nl;at@pedeblanditcongue.net;0;29/10/2011;www.gjfwizsfynw.myr
231;Hicks;Giselle;61;1.36;af;us;varius@fermentumfermentumarcu.net;0;23/12/2010;www.fkkexgrwybm.olc
232;Morrow;Dustin;74;1.38;eu;us;Aliquam@disparturientmontes.com;1;15/01/2012;www.xymwaykmbbp.vlm
233;Neal;Hedwig;27;1.34;af;uk;mollis.vitae@sit.edu;0;22/07/2011;www.bntcojyzvpq.axb
234;Guerra;Suki;20;1.78;af;fr;eu.arcu.Morbi@convallisestvitae.org;0;22/07/2012;www.vigqywrwxau.zvq
235;Hayes;Myles;53;1.81;am;fr;Mauris@sit.net;0;22/10/2012;www.jmahmvhilrq.ynt
236;Nelson;Brooke;84;1.87;af;nl;diam.vel@cursusdiam.net;0;02/09/2011;www.laiwryvfsms.qhl
237;Suarez;Anthony;65;1.10;am;be;neque.non.quam@atauctorullamcorper.net;1;10/02/2012;www.gnvyzoohzli.qqk
238;Hubbard;Raphael;72;1.61;eu;ng;commodo.hendrerit.Donec@etultricesposuere.ca;1;10/06/2011;www.hcggooxezjn.taq
239;Thornton;Bethany;15;1.93;eu;zw;dui.lectus@vitaevelit.net;0;13/02/2011;www.iqfizsbajym.jyw
240;Pacheco;Sydnee;15;1.22;am;uk;Aenean@acliberonec.co.uk;1;16/08/2011;www.bawlzjuxgmw.guc
241;Sawyer;Dahlia;35;1.95;am;ng;vel.est.tempor@Namnulla.co.uk;0;19/08/2012;www.frkmegsyjon.qmb
242;Jacobson;Zena;20;1.38;eu;zw;euismod.enim.Etiam@ornarelectusjusto.co.uk;1;08/01/2011;www.osxygkoslas.nkp
243;Scott;Oprah;88;1.26;am;nl;mauris.ut.mi@Donec.co.uk;1;22/02/2011;www.blgmmzaxovt.nck
244;Gregory;Nina;38;1.58;am;zw;sociis.natoque.penatibus@Loremipsum.edu;1;28/07/2011;www.zdvozobczlx.hau
245;Medina;Kristen;27;1.78;af;za;orci@Aenean.ca;0;15/11/2012;www.srhrcfydzow.dis
246;Eaton;Andrew;64;1.52;am;zw;nunc.est.mollis@Duis.net;0;20/07/2011;www.etidhehqwoq.ndy
247;Brock;Neve;27;1.05;af;be;venenatis@feugiatplacerat.co.uk;1;26/07/2012;www.ofgluxyywbt.aci
248;Juarez;Adele;70;1.41;af;fr;vestibulum.neque@maurisipsum.co.uk;0;10/03/2012;www.tuhpwbqzkdk.doo
249;Mullen;Haley;56;1.02;af;uk;risus@Nullatincidunt.net;0;09/05/2012;www.lljwpuzdjqt.xsb
250;Beck;Lev;75;1.17;am;us;in@parturientmontesnascetur.org;0;25/10/2011;www.llkubesugub.bxt
251;Whitney;Indigo;42;1.68;eu;uk;massa.Vestibulum@inconsectetueripsum.net;0;15/03/2012;www.clvifwjcqit.zyq
252;Oconnor;Moses;86;1.27;af;zw;consequat.purus@tristiquepharetra.org;1;18/11/2011;www.fwxwfrwehnl.gtg
253;Palmer;Mollie;26;1.33;am;fr;nec@sit.co.uk;0;10/01/2011;www.wuoeiakcgcx.kmf
254;Acevedo;Baxter;15;1.06;am;fr;amet.consectetuer@lectus.co.uk;1;07/01/2012;www.xjrdlooyuoz.upq
255;Petty;Griffin;24;1.16;am;za;nisl.elementum@egestasrhoncusProin.edu;0;06/07/2011;www.vshpggkwxdb.ahr
256;Walton;Fulton;81;1.89;af;us;Vivamus@Praesentinterdumligula.net;0;03/07/2011;www.vddsgetowss.snr
257;Estes;Christen;32;1.76;af;ng;pede@tellus.net;0;19/09/2012;www.qnzmfsesjlg.pgy
258;Wade;Dane;72;1.22;am;zw;magnis@lectusjusto.net;1;15/10/2011;www.azjjlqzrpxu.idc
259;Conley;Allistair;68;1.10;af;za;velit@id.com;1;22/01/2011;www.fehvccegejg.wmj
260;Dejesus;Patience;59;1.49;am;us;molestie.orci@velitAliquamnisl.edu;0;21/03/2012;www.ughypoubxax.nmw
261;Daniel;Alexandra;32;1.42;am;uk;odio.vel@interdumNuncsollicitudin.org;0;22/03/2011;www.neikfgyscdd.iqj
262;Carson;Gretchen;30;1.76;am;fr;nibh.sit@quamCurabitur.co.uk;1;09/03/2012;www.xviazmjpvnf.bgw
263;Snyder;Willow;80;1.23;eu;be;tincidunt.adipiscing@orciconsectetuer.com;0;24/09/2011;www.eraafgbmdxl.aeu
264;Figueroa;Amber;89;1.67;af;za;sem@elementumategestas.org;0;26/08/2011;www.hmrlkcloxta.wjt
265;Downs;Judith;30;1.33;af;us;Cras.lorem.lorem@orciUt.net;1;27/07/2011;www.pdlmxljgepz.kai
266;Pena;Tanisha;68;1.61;am;fr;Aliquam@sagittislobortis.org;0;10/12/2011;www.xsscirmiafg.svj
267;Blackwell;Ray;20;1.08;am;fr;sed.leo.Cras@Donec.ca;0;09/04/2012;www.jaqkfxdbhek.jgf
268;Burns;Channing;72;1.02;eu;be;Phasellus.ornare.Fusce@sedest.ca;1;19/06/2012;www.itupyeyekbg.edl
269;Stanley;Joel;62;1.08;eu;ng;Nam.consequat@Vivamusmolestiedapibus.net;1;10/10/2012;www.oqwzscdwozc.fcx
270;Ford;Ronan;68;1.85;eu;ng;erat@cursusa.org;0;11/06/2012;www.gmdvmfaochx.uek
271;Savage;Alisa;37;1.65;eu;ca;In.ornare@id.com;1;01/11/2012;www.shevpbqumlg.udt
272;Watts;Joseph;49;1.71;af;zw;lacus.Quisque.imperdiet@gravida.ca;1;13/11/2011;www.cgporwiuqhb.cbf
273;Butler;Rinah;66;1.39;am;fr;risus.Nulla@aliquetnec.ca;0;07/06/2012;www.vydlgenhjre.bzd
274;Small;Odessa;66;1.97;af;fr;Aliquam.fringilla.cursus@massarutrum.com;1;04/12/2011;www.evxomcpmflh.xjc
275;Wise;Jerry;65;1.60;am;fr;auctor@Maurisvelturpis.co.uk;0;16/12/2010;www.hmrmyzkhcjn.tao
276;Guy;Kimberley;46;1.54;am;ng;Donec.est.mauris@vestibulumMauris.ca;0;04/05/2011;www.oarqkekktud.djp
277;Sims;Allen;62;1.28;am;us;tempor.augue@necdiam.co.uk;1;30/12/2011;www.mgjgankjcgk.tlf
278;Fischer;Phillip;22;1.40;am;ng;Donec.vitae.erat@arcuiaculis.co.uk;1;24/10/2011;www.ujxxphqbmyk.pkm
279;Marquez;Wynter;46;1.81;am;ca;accumsan.laoreet.ipsum@ornare.net;1;18/04/2011;www.yltljdauppu.aly
280;Thornton;Hakeem;53;1.71;af;fr;pharetra.ut@Proinegetodio.org;0;04/12/2010;www.glawauxlsuq.gou
281;Lindsey;Elmo;68;1.18;eu;be;scelerisque.scelerisque.dui@Proin.ca;0;12/01/2011;www.nnsgiinxdbb.wdv
282;Clark;Erin;31;1.10;am;nl;non.enim.commodo@vehiculaetrutrum.co.uk;0;25/12/2010;www.widzjewnaac.ffd
283;Clarke;Lara;61;1.67;am;zw;malesuada@Integervitaenibh.ca;0;13/09/2011;www.hkqhltnqxsj.nkd
284;Hensley;Ray;65;1.83;af;za;nonummy@ipsum.edu;1;28/03/2012;www.oqimiszswkb.nfk
285;Brewer;Kyle;38;1.40;am;zw;placerat@tempusscelerisquelorem.net;0;17/12/2010;www.fsxbdypjjsp.req
286;Foley;Yvonne;84;1.93;af;uk;auctor.ullamcorper.nisl@nascetur.org;0;30/05/2011;www.qzsarirwyzw.wye
287;Vazquez;McKenzie;63;1.43;af;be;rutrum@laoreetipsumCurabitur.edu;0;13/10/2012;www.fsiereaqiyl.zjt
288;Gates;Tarik;79;1.25;am;ng;ante.bibendum.ullamcorper@risus.net;1;22/03/2012;www.lumusxtbrcl.njy
289;Williams;Randall;82;1.27;am;nl;erat.vitae@est.ca;0;06/03/2012;www.aicrlneumed.jlw
290;Wilson;Jacob;16;1.03;af;ca;Suspendisse@vel.net;1;03/11/2012;www.sameepnpmnv.mpf
291;Bullock;Macy;43;1.52;af;be;vitae.dolor@aultricies.com;1;16/04/2012;www.mvkziflxkor.ucz
292;Thornton;Hanna;60;1.03;eu;fr;mauris@etmagnaPraesent.ca;0;02/08/2011;www.ubffpxaswxi.mzq
293;Martinez;Mannix;71;1.40;am;fr;sagittis@enim.net;1;07/02/2012;www.kskhpttojiw.ctx
294;Mendoza;William;75;1.52;am;zw;eu.nulla@libero.org;1;31/01/2012;www.sfiboeehbus.wiy
295;Pennington;Summer;63;1.62;am;fr;tellus.eu@turpisIn.ca;1;25/11/2011;www.xsfymyvvwnt.ndz
296;Terry;Wanda;89;1.15;am;us;odio.Aliquam.vulputate@rutrum.edu;1;12/01/2012;www.yxqvlkiojgo.ijb
297;Rutledge;Lee;40;1.99;eu;zw;faucibus.lectus.a@arcuCurabiturut.com;0;18/12/2011;www.vpsevgneiil.rgj
298;Howard;Hollee;44;1.02;af;fr;metus.In@lorem.com;1;14/12/2011;www.pueydqpjzba.jdh
299;Hogan;Hedy;36;1.45;eu;be;interdum.Curabitur.dictum@nequeetnunc.edu;1;29/07/2012;www.nsgntgxxoin.vud
300;Trujillo;Cameron;20;1.46;am;ng;eget.nisi.dictum@adipiscingelit.edu;0;19/01/2011;www.gzavinqdrof.tbv
301;Guerrero;Lydia;21;1.70;af;be;non.lorem@liberoDonec.co.uk;1;21/01/2012;www.eoyvdeoezyx.brz
302;Freeman;Camille;57;1.43;eu;uk;neque.pellentesque@tellusfaucibusleo.ca;1;11/12/2010;www.tbdtabvrade.poo
303;Gilmore;Savannah;43;1.61;am;fr;rutrum.urna@justo.com;0;03/10/2011;www.qbzreehttqr.dgt
304;Rosario;Lael;29;1.27;eu;zw;augue.id@loremauctorquis.co.uk;0;09/03/2011;www.odxhtokaift.nmn
305;Heath;Sacha;15;1.80;am;ng;a.odio@Donecnibh.org;0;07/02/2012;www.bufjzzxmmhj.mdk
306;Daniel;Rhiannon;20;1.01;af;us;sit.amet@variusultricesmauris.net;1;03/09/2012;www.upkhxttaezx.gzb
307;Snow;Forrest;65;1.98;am;be;eu.eleifend@Nuncpulvinar.org;0;14/08/2011;www.vfkzeifejbi.bae
308;Middleton;Kirby;77;1.56;af;us;cursus.purus.Nullam@vitaeodio.net;1;08/04/2012;www.lbsvcawdfmw.acn
309;Moss;Jonas;46;1.07;eu;fr;neque.non@adipiscingligulaAenean.net;1;17/05/2012;www.joaoaxpdkgj.vgd
310;Blackwell;Keegan;61;1.63;af;za;eu.tellus@magnisdis.com;0;30/07/2011;www.otmzavugywm.pnu
311;Stanton;Troy;15;1.26;eu;nl;Suspendisse@fringilla.org;0;09/11/2012;www.qhhpeuerobb.pgt
312;Lowe;Abra;56;1.28;af;uk;adipiscing@duilectusrutrum.org;1;08/05/2012;www.grovtqkajzl.xfi
313;Best;Leilani;34;1.12;am;zw;tellus.Phasellus@Suspendissenonleo.org;1;22/07/2011;www.oxqywbvbjxv.qcb
314;Bennett;Jena;40;1.75;af;fr;varius.orci.in@Sedeunibh.org;1;20/04/2012;www.pfuydpofrqx.aik
315;Blair;Scarlet;62;1.68;af;us;Nullam@Pellentesquehabitant.org;1;19/07/2011;www.lxudordwcfu.swp
316;Reeves;Timon;89;1.18;af;be;arcu.imperdiet.ullamcorper@nonantebibendum.edu;0;29/09/2012;www.hhfjnzbjpvu.pyo
317;Wilcox;Nigel;32;1.64;eu;nl;pellentesque@arcuNunc.org;1;16/01/2011;www.hohwjbmiqlq.wbc
318;Washington;Wyatt;26;1.33;af;fr;quis.massa@habitantmorbi.com;1;30/07/2012;www.xueofukhxjs.bra
319;Cameron;Hu;34;1.95;am;zw;Donec.nibh@placeratCras.edu;1;02/04/2012;www.ilzgusimtlr.zkg
320;Lewis;Hiram;36;1.71;eu;zw;velit.eget@leo.com;1;28/02/2011;www.dokwabwkikp.pdt
321;Stokes;Germane;37;1.67;am;nl;primis.in.faucibus@Nulla.edu;0;22/05/2011;www.lyptiejlygb.gwu
322;Robles;Heidi;21;1.00;af;ca;interdum.Nunc@risus.net;0;03/01/2011;www.hbxfhzletgv.vhw
323;Stephenson;Basil;37;1.98;af;nl;ligula.elit.pretium@eu.net;1;06/08/2011;www.oguhnpdulav.tzs
324;Carney;Dalton;67;1.87;eu;za;in.consectetuer@acipsumPhasellus.com;0;23/03/2011;www.uiggiczivdl.nze
325;Garrison;Zia;46;1.33;eu;us;Aliquam@cursusetmagna.org;0;07/03/2011;www.riqmmbzlfil.qst
326;Lynn;Rhonda;88;1.23;eu;fr;dignissim.lacus@conubianostra.co.uk;0;19/05/2011;www.ivloewexptu.oae
327;House;Wylie;88;1.11;af;nl;gravida.mauris.ut@maurissitamet.ca;0;13/03/2011;www.bsbrlwflarw.zwa
328;Gordon;Fritz;18;1.01;eu;nl;arcu.et.pede@lacinia.net;1;02/05/2012;www.qyerqbrmcaq.dct
329;Hensley;Dana;29;1.46;eu;nl;et.rutrum@sagittisplaceratCras.com;1;22/11/2011;www.pvarwrvylgn.qre
330;Hardin;Sharon;82;1.71;af;fr;arcu.iaculis.enim@nulla.co.uk;1;22/11/2011;www.nvyzblpspzq.msu
331;Ortiz;Amber;28;1.50;am;be;egestas.a@Proinvel.edu;1;22/11/2012;www.ysgorwbkqtw.vgx
332;Heath;Shelley;22;1.22;am;ca;taciti.sociosqu@ornareelit.net;0;30/05/2012;www.rwnipjewhot.kwb
333;White;Olga;15;1.14;am;fr;scelerisque.scelerisque@hendrerit.edu;1;03/07/2012;www.igqqvkarlzn.ldx
334;Bird;Brennan;89;1.72;am;ng;elit@et.org;1;07/02/2012;www.ampmmcypaar.zty
335;Rollins;Lila;69;1.88;eu;fr;Donec.at@nonegestasa.com;0;27/04/2012;www.fdufelexkzr.cwm
336;Strickland;Leo;22;1.91;am;uk;consectetuer.adipiscing.elit@atortorNunc.com;1;15/11/2011;www.dkunjlqgymn.akr
337;Mckee;Raja;56;1.79;af;ng;Sed.dictum@nonduinec.ca;0;05/07/2012;www.rgmptzpdqfm.fzm
338;Serrano;Alexandra;74;1.27;am;nl;interdum.ligula@Phasellusdapibus.com;0;11/11/2012;www.bukszwxzisl.dyd
339;Russo;Alyssa;23;1.09;am;uk;non.magna@erat.com;0;14/10/2012;www.uefdxqgvubh.xdg
340;Humphrey;Sarah;76;1.36;am;fr;nonummy.ipsum.non@eratSed.com;0;07/10/2011;www.tmconklrrxo.mge
341;Berger;Buckminster;19;1.94;af;ca;sodales@Maurisut.com;1;26/08/2011;www.rtqirfuxjwy.lvj
342;Sosa;Griffin;68;1.98;af;ca;egestas@nequeMorbiquis.ca;0;24/04/2012;www.xjihghsbrof.jmc
343;Mercado;Rahim;68;1.72;eu;br;cursus@sitametdapibus.org;0;24/03/2011;www.vbbmqhwdkmm.cgs
344;Henson;Malcolm;62;1.88;af;be;imperdiet.erat.nonummy@aliquetmagnaa.com;1;02/09/2012;www.jertqewwwge.mbb
345;Black;Oren;76;1.37;am;zw;Sed.malesuada@lorem.edu;1;16/07/2011;www.kaphhutjvvr.qfk
346;Miranda;Carlos;63;1.59;am;za;Suspendisse.non@imperdiet.com;0;10/12/2011;www.tzupvlgbwwd.nlb
347;Decker;Yen;62;1.95;eu;ca;commodo@nuncullamcorpereu.org;1;11/03/2011;www.ksuhoxuayaa.ozo
348;Pennington;Ishmael;18;1.49;am;zw;dui@aliquamarcuAliquam.com;0;27/02/2011;www.zakxakmayff.zsf
349;Molina;Perry;84;1.00;am;fr;amet.orci.Ut@Maurisnulla.org;0;24/08/2011;www.twkscqruvhc.tif
350;Fletcher;Vivien;84;1.41;am;nl;quis.accumsan@tristique.edu;0;20/09/2012;www.kvyfdbylggl.eqo
351;Travis;Aurora;76;1.28;am;be;nunc@euaccumsansed.edu;1;15/08/2011;www.dbhkhsoygml.csg
352;Kerr;Murphy;80;1.85;am;uk;tincidunt.nibh.Phasellus@arcu.com;1;05/04/2012;www.swmziybbeoj.aly
353;Pearson;Carlos;33;1.32;af;ng;at@ipsumSuspendissesagittis.net;0;13/08/2012;www.rwdwknxwlpy.rxe
354;Calderon;Sierra;49;1.46;am;ng;velit@Mauris.com;1;07/09/2011;www.sckeriwpmzn.ymf
355;Stevens;Aquila;54;1.56;eu;fr;blandit@leoCrasvehicula.co.uk;0;17/08/2012;www.ttaftoeftag.gox
356;Adams;Xena;18;1.70;am;ca;Sed@nectellusNunc.com;1;06/06/2012;www.wmxpndwcawb.bpd
357;Kirk;Daquan;63;1.46;eu;br;arcu.Aliquam.ultrices@facilisismagnatellus.net;0;20/01/2012;www.sojtklvzoic.ftt
358;Wolf;Fuller;67;1.69;am;ca;blandit@placerat.ca;0;22/07/2012;www.vlmjtppnjor.bep
359;Sharp;Lacey;48;1.65;af;zw;luctus.felis@feugiat.co.uk;1;03/01/2011;www.plmyadaftvy.fml
360;Osborn;Jescie;78;1.90;eu;nl;tellus@estNuncullamcorper.net;1;15/10/2011;www.wuapqyvcknu.gmv
361;Zamora;Kyla;16;1.76;eu;nl;rutrum@Uttincidunt.ca;0;10/08/2012;www.zmkjzeqlaqe.ajw
362;Berg;Upton;89;1.36;am;nl;semper.pretium@auctor.edu;0;02/05/2012;www.esoeitespgc.opu
363;Alford;Zahir;56;1.64;eu;ca;lobortis.risus@enimnon.org;1;18/10/2011;www.vorkvuzkozv.crh
364;Ferguson;Brennan;75;1.71;af;br;ultricies.ornare@massa.com;1;10/12/2010;www.xfgmfcowjwy.eqc
365;Christian;Alma;22;1.53;eu;za;elementum.at.egestas@adipiscingfringilla.ca;1;03/01/2012;www.abtkxronutz.whi
366;Spears;Kylynn;71;1.31;af;br;consequat.dolor@Cras.ca;0;04/05/2011;www.ucpovolcxhv.qra
367;Deleon;Berk;45;1.75;af;ca;a@liberoMorbiaccumsan.ca;1;19/01/2012;www.maqjhmazmga.wyo
368;Buchanan;Morgan;64;1.87;am;nl;cubilia.Curae;.Donec@ornarefacilisiseget.edu;0;23/10/2012;www.uccgicchrfc.icx
369;Buckley;Chandler;74;1.13;af;fr;molestie.Sed@nullaCraseu.ca;0;06/05/2012;www.oqjgwmoyjra.ewi
370;Holland;Stuart;82;1.81;eu;br;sem@velnislQuisque.edu;1;22/08/2012;www.arrjisoebzo.ywt
371;Craig;Signe;49;1.74;am;nl;Cras@scelerisqueneque.co.uk;1;12/06/2011;www.omzplooiitf.tlr
372;Love;Abel;83;1.38;af;br;non.bibendum@acfacilisisfacilisis.edu;0;20/01/2012;www.eppmivgunuu.keq
373;Santiago;Emma;28;1.65;am;us;mus.Donec@nonarcu.com;1;08/07/2011;www.xkrkfmvkdqz.ihm
374;Sears;Stacey;51;1.14;eu;uk;magna.Nam.ligula@aliquetliberoInteger.co.uk;0;11/01/2011;www.xvlalkjtxer.kic
375;Dennis;Simon;48;1.29;am;fr;parturient.montes@ornaretortorat.net;0;20/07/2011;www.iacgfuqowwx.iew
376;Blanchard;Andrew;18;1.65;am;us;eu.sem.Pellentesque@tincidunt.edu;0;20/05/2012;www.wswtouctqet.rvh
377;Gallagher;Nelle;84;1.45;am;ng;Donec.est@vel.co.uk;1;18/07/2012;www.czjtddkyktu.idi
378;Watts;Drew;36;1.15;eu;ca;lorem.ac.risus@inceptoshymenaeos.edu;1;30/11/2011;www.knsvgmdkvco.chd
379;Hatfield;Heidi;17;1.82;af;fr;dictum@Inatpede.co.uk;0;14/06/2011;www.hbqceeelhpb.ilj
380;Mcguire;Garrison;45;1.11;af;za;lobortis@massalobortis.net;1;13/11/2012;www.wzaeocmzlce.wgi
381;Wilkerson;Nomlanga;75;1.41;eu;ca;Curabitur.dictum.Phasellus@vestibulumneceuismod.org;0;12/12/2010;www.cwmnyqjezja.tue
382;Humphrey;Odessa;71;1.02;am;zw;diam.Pellentesque.habitant@Fuscefermentum.ca;0;09/12/2011;www.wznvinpdsbz.lbg
383;Byers;Kylee;65;1.17;eu;za;risus@Donectempuslorem.co.uk;0;14/06/2011;www.fngxofiqlmj.cqc
384;Bullock;Meghan;15;1.39;af;us;imperdiet.ornare.In@morbi.edu;1;08/09/2012;www.gmjsytvpwyk.wii
385;French;Jocelyn;52;1.52;am;ca;natoque.penatibus@tincidunt.edu;1;01/10/2011;www.rwoouykchsu.uic
386;Crosby;Mufutau;21;1.33;eu;za;vel@nuncnulla.com;0;20/10/2011;www.sqozjitrkzz.mjj
387;Daniel;Kirestin;20;1.71;af;be;eu.nulla.at@Nullamnisl.edu;1;16/07/2011;www.sxkdwjqfsvy.upd
388;Blevins;Vincent;19;1.52;eu;zw;consequat.purus@magnamalesuadavel.com;1;26/03/2012;www.gxcytbtievt.fkz
389;Baldwin;Kylan;66;1.25;eu;nl;leo.Cras@lobortis.org;1;14/01/2011;www.ncgryzxjzyc.qep
390;Pope;Belle;17;1.52;am;us;sagittis.felis@necanteblandit.com;1;22/05/2012;www.qcgqaigfxzr.yoy
391;Langley;Aretha;23;1.65;af;ng;luctus.aliquet.odio@ideratEtiam.org;1;02/12/2011;www.jqagqsffqsr.tig
392;Duffy;Alea;36;1.25;af;br;dui.nec@Sedauctorodio.org;0;24/06/2012;www.esovlgotmvf.tcs
393;Wells;Petra;75;1.07;am;za;diam.luctus@vitae.edu;1;10/04/2012;www.fqirlolohkk.bld
394;Nieves;Orlando;52;1.80;am;za;bibendum@pretiumet.com;1;13/09/2011;www.dtokdympbex.oaz
395;Johnston;Chiquita;18;1.41;am;fr;sodales.Mauris@massarutrummagna.ca;0;07/04/2012;www.zbsbfppgpcu.qpy
396;Cooke;Bianca;85;1.48;am;nl;nunc@feugiatSednec.co.uk;1;15/09/2012;www.jmezozqdxvq.vgl
397;Odonnell;Declan;29;1.00;af;fr;lectus.justo@elitpretiumet.com;0;10/06/2011;www.oxnltehzqyc.uzd
398;Weiss;Myra;32;1.05;eu;za;sed.hendrerit@nuncest.org;0;05/03/2012;www.hrixqksporl.usy
399;Reese;Serena;85;1.10;eu;us;leo@justofaucibus.com;0;03/05/2012;www.vatjreejdxh.bch
400;Gilliam;Eric;71;1.85;am;ca;feugiat.non@Duissitamet.com;0;24/08/2012;www.lmtokbpnjyr.ctg
401;Wise;Emerald;35;1.65;eu;ca;id.ante.Nunc@lorem.edu;1;17/06/2012;www.ntdwruylaya.hoo
402;Haynes;Rama;53;1.83;af;be;Phasellus@vitaesodales.edu;0;18/11/2011;www.dzmdymlmbwi.osq
403;Pearson;Amanda;41;1.13;eu;ng;Vivamus.sit.amet@Maecenas.com;0;09/03/2012;www.xsqyozngqgs.zlc
404;Randall;Nadine;87;1.18;am;fr;luctus.felis.purus@nequeNullamnisl.org;0;17/05/2011;www.jzqzgizrksn.jwj
405;Ryan;Idola;49;1.13;eu;za;facilisis.Suspendisse@mollisneccursus.co.uk;0;11/08/2012;www.mvvwoigksbb.del
406;Wade;Bianca;68;1.34;eu;be;lobortis.quam.a@cursusdiam.com;0;06/09/2011;www.ymmqnnurzse.sap
407;Reed;Adena;51;1.93;af;fr;consequat.nec@facilisisSuspendissecommodo.co.uk;0;18/01/2011;www.krxkjcckrvv.evf
408;Heath;Charity;43;1.21;af;zw;ornare@Proin.ca;0;31/08/2012;www.ftwworbkxlx.gtb
409;Key;Kirestin;27;1.00;af;fr;sit.amet@Duismi.co.uk;0;12/09/2011;www.zyoxjmddoqw.stw
410;Cooper;Minerva;45;1.67;af;za;eu.eros@mollis.edu;0;05/04/2012;www.senhukangfj.qxc
411;Woodward;Leonard;20;1.34;eu;ng;vestibulum@tristiqueneque.com;0;20/11/2012;www.bhwhnfykiyr.kgd
412;Gilbert;Victor;74;1.76;am;br;morbi@risusInmi.org;0;25/09/2011;www.lhqtghenlnx.fgp
413;Pennington;Basil;63;1.91;eu;za;Curabitur.sed@Cras.net;0;06/10/2011;www.oyvzltfsixt.yww
414;Baker;Hiram;22;1.05;eu;uk;Proin@auctorvitaealiquet.ca;0;20/06/2011;www.ssxaqqznmas.pcg
415;Gould;Colette;32;1.45;eu;za;ridiculus@in.net;1;18/08/2011;www.vreisxyudhj.jux
416;Graham;Alvin;53;1.12;eu;nl;Nam@porttitor.net;1;19/08/2012;www.fqpiyysswbs.jgz
417;Estes;Solomon;17;1.24;am;za;convallis.ante@ideratEtiam.net;1;20/10/2012;www.znovphfvhmf.iuq
418;Pitts;Victor;76;1.55;am;nl;orci@temporerat.com;0;11/03/2011;www.dmakyfsswld.sas
419;Blake;Denise;82;1.13;am;za;lacus.Quisque@Proin.org;0;18/11/2011;www.tdwqpaiqske.pno
420;Wilder;Chadwick;31;1.71;am;br;et.pede.Nunc@placerat.net;1;22/10/2011;www.ralklqzyfza.lsd
421;Hardin;Audrey;73;1.61;eu;br;commodo.tincidunt.nibh@seddictum.com;1;20/03/2011;www.cgvhfwtyadk.uuo
422;Vaughn;Harlan;41;1.68;eu;zw;tempor.lorem@egestasDuisac.com;0;02/07/2012;www.dxadakxuyvz.inx
423;Mathis;Lareina;56;1.91;af;us;ac.turpis.egestas@Proin.com;0;24/08/2012;www.jdziyyqmwff.kfk
424;Barrera;Chiquita;81;1.26;am;br;ipsum@tempus.org;0;23/11/2011;www.edrajxkohlc.esu
425;Burgess;Freya;54;1.94;am;br;gravida.Praesent.eu@et.com;1;15/05/2011;www.mpguaiytdbi.qau
426;Buck;Martena;24;1.63;af;be;Mauris@malesuadafringilla.edu;0;18/01/2011;www.sadwclndgpy.jhg
427;Wheeler;Keelie;33;1.21;af;nl;non@euturpis.edu;1;17/01/2012;www.wnxcdvlkbkc.hrg
428;Patel;Ferris;15;1.54;am;za;lacus@pharetrasedhendrerit.edu;1;15/07/2011;www.umgwxjdoqws.qld
429;Clark;Calvin;26;1.51;eu;uk;euismod@eratVivamusnisi.net;1;25/08/2012;www.txgjtzzfdeh.htk
430;Bennett;Boris;70;1.14;eu;za;nunc.interdum@loremutaliquam.edu;1;25/12/2010;www.vcxyhefbohc.hln
431;Martin;Keiko;33;1.11;af;be;sed@justonecante.org;0;21/01/2012;www.cpdrwfyhsna.zqd
432;Fleming;Tiger;55;1.41;eu;nl;fringilla@libero.edu;0;27/03/2012;www.qaljnlieoqo.cct
433;Beard;Simon;51;1.32;am;fr;sagittis.lobortis@dolorsit.co.uk;0;30/09/2012;www.leezutcxmdh.ynn
434;Stephenson;Kevin;19;1.02;eu;ng;sit.amet.ultricies@lectussitamet.ca;1;23/01/2012;www.qtncxubkiyr.kyy
435;Morin;Trevor;65;1.36;am;za;fringilla.purus@necleoMorbi.co.uk;1;08/02/2011;www.uzfcywmwvdh.mmz
436;Gordon;Callum;47;1.99;af;br;urna@Etiam.net;0;22/01/2012;www.kfwfjdsvcbx.ozv
437;Bernard;Galvin;33;1.45;eu;ca;consectetuer.cursus.et@elitsedconsequat.net;0;24/02/2012;www.xnyapwoorqs.ycg
438;Rich;William;87;1.15;am;br;Vivamus.non.lorem@penatibusetmagnis.edu;0;29/01/2012;www.osafitekzyv.yal
439;Ortega;Maya;75;1.37;am;fr;ornare.In.faucibus@fermentumvelmauris.ca;0;27/06/2012;www.srtrpoqpaik.uqe
440;Kent;Walter;48;1.84;af;ca;sodales@mollis.co.uk;1;25/12/2011;www.lmglvqglutw.goh
441;Frank;Alexa;80;1.80;eu;nl;Nunc.pulvinar.arcu@Phasellusin.ca;0;20/10/2011;www.vuqqnnwcueo.rbp
442;Gutierrez;Zeph;54;1.92;am;fr;Nam.tempor.diam@Seddiam.net;0;19/08/2012;www.wqervsiwhsh.vqo
443;Montoya;Justin;81;1.74;af;ca;vulputate@idantedictum.com;1;29/09/2012;www.wnkegrzwgqc.dkn
444;Christensen;Noble;31;1.75;eu;ng;at@pretiumaliquetmetus.co.uk;0;07/08/2012;www.ixbondsyrwg.xqt
445;Mason;Ivory;61;1.23;am;br;Mauris@arcu.co.uk;1;04/09/2012;www.lqrcnyaerpv.huf
446;Silva;Iola;77;1.03;am;nl;enim@egetvarius.co.uk;0;28/11/2011;www.taglpbtjgoa.cqk
447;Weeks;Galvin;32;1.87;af;zw;blandit@convallisante.co.uk;1;28/01/2011;www.nriugiwxtvb.zrv
448;Harper;Kameko;53;1.11;eu;ng;purus@Cras.com;0;15/12/2010;www.ucfoyhopcyi.pdm
449;Patel;Joshua;90;1.91;eu;us;in@malesuada.co.uk;0;26/08/2011;www.rnstmajpnbv.nay
450;Golden;Aline;49;1.38;af;be;eu.augue.porttitor@nec.com;1;10/04/2012;www.sogfqbsrzbc.lly
451;Reyes;Barrett;57;1.92;eu;nl;dui.quis@natoquepenatibus.net;0;15/04/2012;www.sjrsluextxy.hwe
452;Lynn;Kasimir;23;1.63;am;za;Curabitur@luctus.co.uk;0;11/03/2012;www.sbjlzhtvlhc.oym
453;Donaldson;Kelsie;50;1.62;af;zw;arcu.Nunc@neque.net;0;13/04/2011;www.zlyltaarngk.zyq
454;Doyle;Ainsley;81;1.74;eu;za;in.aliquet.lobortis@velconvallis.edu;0;20/08/2011;www.xdvkkgjixqt.tif
455;Kline;Kiona;78;1.16;af;ng;libero.mauris@risusDonecegestas.org;0;11/08/2011;www.nvpkljeuorn.kvf
456;Walter;Zena;25;1.38;af;us;arcu@vulputate.co.uk;1;30/10/2012;www.gdjvvxfrceq.gmn
457;Emerson;Clark;89;1.58;eu;nl;ridiculus.mus@vestibulum.ca;1;07/08/2012;www.xtpaxggjunm.tdi
458;Valenzuela;Basia;17;1.18;af;br;auctor.velit.Aliquam@velarcuCurabitur.net;1;12/07/2011;www.rzhlntfqcdd.dga
459;Calhoun;Rose;82;1.29;am;br;imperdiet.dictum.magna@Suspendisse.edu;1;04/03/2012;www.xggzjkdpkgn.hmm
460;Wolfe;Althea;28;1.61;eu;ng;imperdiet.ullamcorper@Duisami.edu;0;20/01/2011;www.edwpjjwwvwi.aln
461;Carey;Cherokee;26;1.25;eu;ng;dui.semper.et@scelerisquescelerisque.co.uk;1;15/09/2011;www.cusyqbycocq.sie
462;Moon;Constance;36;1.48;af;ng;volutpat.Nulla.dignissim@aliquet.com;1;13/12/2010;www.rhufjkysoog.wad
463;Stewart;Pearl;40;1.58;eu;us;mollis@leo.com;1;18/12/2010;www.jgjyvpuvtqr.ben
464;Wilcox;Kane;68;1.95;af;be;netus@egettinciduntdui.co.uk;1;27/10/2011;www.fumykeapszv.kxk
465;Lloyd;Heidi;67;1.18;am;zw;pharetra@Vestibulumante.net;1;29/03/2011;www.xsmqsiaptog.lsb
466;Hodge;Hayfa;27;1.02;am;nl;enim.sit.amet@enimdiam.co.uk;0;12/01/2012;www.tyumnbygcjw.hjd
467;Cannon;Lionel;20;1.56;eu;ca;vulputate@tortorIntegeraliquam.org;0;30/03/2011;www.bjoesllcooj.qda
468;Gaines;Tanek;74;1.10;af;uk;enim.Etiam.imperdiet@asollicitudinorci.net;0;10/06/2012;www.vfokuyaxzih.tlh
469;Bishop;Lee;32;1.32;am;uk;convallis.erat.eget@Sed.edu;1;10/02/2012;www.iasiizbthda.noi
470;Lane;Anastasia;56;1.09;eu;be;nibh.Quisque@dictumplacerataugue.org;0;22/11/2012;www.gmyoqzcehpq.wro
471;Allison;Carson;54;1.52;af;zw;ut.cursus.luctus@pedeSuspendisse.net;0;31/08/2012;www.yukgkbcbpcd.cql
472;Henson;Chloe;56;1.41;af;fr;malesuada.ut.sem@liberonecligula.org;0;24/07/2011;www.joezqibhtmv.hza
473;Rollins;Dennis;86;1.01;eu;za;sociis@felisNullatempor.com;0;16/12/2010;www.njtgwpovpiy.okd
474;Lynn;Melinda;49;1.24;am;za;mi.enim.condimentum@risusvariusorci.ca;1;24/06/2011;www.acmqllewosr.zyc
475;Oconnor;McKenzie;39;1.25;am;ca;Mauris.vel@hendreritaarcu.net;0;30/04/2012;www.kazytryrtqm.bxb
476;Steele;Martha;72;1.94;am;ca;et.rutrum.non@idenimCurabitur.ca;1;30/05/2011;www.oliicukzwht.qfg
477;Kaufman;Rachel;72;1.27;eu;uk;id@tortor.org;0;19/11/2012;www.htfdazufggb.amu
478;Sosa;Sheila;58;1.45;eu;be;pellentesque.massa.lobortis@adui.co.uk;1;20/08/2011;www.cqvjxxjjrfh.gsv
479;Keller;Lara;56;1.22;eu;ca;tincidunt.congue.turpis@tellusnonmagna.edu;1;21/05/2011;www.mladrikjdxc.rei
480;Noel;Sean;19;1.29;am;br;Nam.ligula.elit@nuncac.net;0;06/07/2011;www.gdrjauafdso.ezo
481;Sampson;Meredith;80;1.52;eu;be;sit.amet@utpellentesqueeget.co.uk;1;09/11/2012;www.bzxerljraem.wus
482;Collier;Savannah;22;1.71;eu;br;at.pede.Cras@placerat.edu;1;26/03/2011;www.gjngoadishg.vbk
483;Lawson;Keegan;41;1.48;am;uk;ut@magnatellusfaucibus.com;1;25/04/2012;www.phwipceqmrx.ves
484;Nunez;Elmo;69;1.78;am;zw;dictum.eleifend@rhoncusNullam.net;0;08/06/2011;www.lxxyputtnlx.fdu
485;Blankenship;Lacy;33;1.20;eu;nl;sit.amet@lectusa.org;1;23/07/2011;www.fftsqqytlan.rfn
486;Ware;Ila;72;1.19;am;za;ultrices.posuere@sem.org;1;29/10/2012;www.ujnfjawpovf.iad
487;Noel;Skyler;71;1.29;eu;zw;non@ligulatortor.net;1;04/03/2012;www.vrkjmqrmujk.nqi
488;Freeman;Brody;70;1.50;eu;zw;aliquet@Donecnibhenim.net;0;04/04/2012;www.dlzxvjlmstn.lhn
489;Knapp;Belle;30;1.04;am;zw;Quisque.purus.sapien@nonummy.co.uk;1;13/04/2012;www.ejjwdxhkkvx.qwj
490;Mitchell;Lillian;46;1.82;eu;za;vitae.aliquet.nec@aliquetmagna.co.uk;1;06/12/2010;www.zdzkyxavhqp.snv
491;Kelley;Mariko;84;1.69;am;br;blandit@vitaenibh.ca;0;29/08/2012;www.bofifubtqon.nel
492;Carrillo;Mona;51;1.52;am;ng;amet.orci.Ut@eros.net;0;21/06/2012;www.rwehksupdyk.pnr
493;Cooper;Joshua;38;1.31;af;uk;Ut.semper@non.co.uk;1;19/04/2011;www.hugltrbhign.qpq
494;Shepard;Kelly;81;1.33;am;us;nec@laoreet.ca;1;04/03/2012;www.cqclwpbmgxt.cgb
495;Shannon;Maile;86;1.63;af;br;turpis.Nulla.aliquet@et.net;1;17/03/2012;www.lwkruduaequ.dgd
496;Garrison;Burke;75;1.07;am;ng;tristique.pellentesque.tellus@dolor.org;0;05/07/2012;www.jhcoxxrdbaf.vby
497;Long;Tatiana;50;1.21;am;ca;lacus.Quisque@Donecnon.org;0;20/04/2012;www.maqnbvjctxb.gde
498;Moore;Olga;85;1.98;eu;nl;est@arcuVestibulumante.net;1;18/03/2011;www.obyizaodefz.dfv
499;Crosby;Sylvester;57;1.70;am;nl;augue.malesuada.malesuada@malesuadavel.co.uk;0;12/05/2012;www.wlobrnewjjg.ydg
500;Kinney;Veronica;66;1.64;am;zw;blandit.mattis@nonleoVivamus.ca;1;21/08/2011;www.mujveqthwgg.oys
